MedInc,HouseAge,AveRooms,AveBedrms,Population,AveOccup,Latitude,Longitude,MedHouseValue,PropertyType,YearBuilt
4.533978511993468,19.437727915929905,5.249328896990415,0.2910181386972958,382.45272466714465,2.4353436033781644,37.597555060424554,-122.71745549741964,3.805293237246431,townhouse,2007
7.380335609200083,47.75860757763951,2.244808806782028,1.8144661117755412,500.6289417380807,0.0483338517243994,36.78813349733935,-119.83926139555707,4.532503972299544,Townhouse,2021
10.93071700946618,25.488974061280253,1.133113014176001,1.2488816586024154,277.37863268524563,3.868950538140046,41.90837170516588,-120.48436618610482,5.0,townhouse,1972
2.708470734095189,46.928369808205346,0.9951251984600848,1.0219729285959227,994.7369013572896,0.515955304529531,37.32923090889791,-124.07815050963704,2.7632382357264618,SF,1962
10.41813830062381,19.066214891067425,6.350639262408215,1.6043868118671698,2779.2305017159338,0.4939415011113008,38.610350587326245,-120.71382013401669,5.0,CONDO,1991
13.825532468805836,14.704947184590235,6.203609701060948,0.4737267732480361,316.5227887547474,1.0548406266474653,39.722596226856666,-114.54147161497504,5.0,SF,1992
9.322322565322958,19.813321516240386,5.588707786722809,0.1465017776118696,1467.986181339389,5.68557201816563,34.73176907062142,-116.2653094763306,4.719798221564742,townhouse,1992
9.175109709244351,26.92028991362453,12.809872488862938,0.3446117433895951,663.3162321670973,1.9489388488319248,33.8060774295304,-117.17448587595938,5.0,single family,2001
4.803830551785431,5.403934727348585,5.700579889490739,0.5561640920271083,1013.3193585755256,4.322710893008542,33.29296197475066,-117.61165373835529,2.27831478370506,Condo,2001
5.509707520928979,45.977069872217314,6.488351765392006,3.1826238409642977,1029.45612432776,2.7717694530503407,37.578195130749386,-123.58441107235872,3.562751723190715,SF,1972
4.231987742332783,35.68580892217512,4.630646144111173,0.4630706364027758,834.253273835567,0.6596522260467267,37.71453337038115,-120.51472095323037,2.84507678717422,Condo,2002
2.293223938351361,2.370196697837543,7.336414236933046,0.6203866491536446,2006.0797550741745,8.867694964111967,34.422519351134206,-123.26531318840188,1.645284696845289,single family,1965
11.547050354227505,35.0143063286865,7.081687140016371,0.5962060124293787,2780.3963087646425,2.8140686306983267,32.94181751838223,-117.01102150852157,5.0,townhouse,1963
3.1644713275466527,23.99055928067113,5.519762080619248,1.4055992874172234,419.1902039046914,2.7783783666429476,37.9015307168649,-119.10073879310066,2.950565262091313,single family,1997
5.512603536892282,20.553160392015496,6.240480837919079,0.482703887757881,885.6805420638889,0.3520186698406688,33.12104420374423,-120.29893350879492,3.70728576765807,Single Family,2023
2.666305485544769,1.5969776487225884,4.767280508615334,0.7436624139102382,964.5447767447712,1.67182060734551,34.65977729433964,-117.68116368027188,1.2639936202456137,single family,1965
4.04691634364197,18.18953258608972,1.5276334243136052,0.2260511521491449,14392.109557403295,1.4376975072755431,38.967940471222136,-120.05675076133176,2.360906155539615,townhouse,2010
6.673773114428214,21.20647258198824,8.282535449691812,2.2578130156723972,1263.6698229571005,2.691684877887675,38.614538161864864,-123.4400593920958,-999,single family,1962
6.391425932464247,21.571062666761616,0.6190153954209353,0.3225383685677769,1127.843960922364,2.252976976691225,37.59373390481123,-122.185733444879,3.6694533274807264,Single Family,1986
9.662132595555908,27.98796389560497,1.4533103575783075,1.448431901129793,1015.1820710947064,0.3118409770878652,35.91837503162783,-124.3047057648967,4.845234599800278,townhouse,1999
6.20193905631799,38.56873111711472,3.7372428441608,0.6172691265918002,1011.355251890649,0.9439089373356596,38.86440948455496,-115.90290521652844,3.8461040391331345,Single Family,1979
8.304795457278543,16.962884951343444,2.3816862463783464,0.4566006533458476,562.6593819553113,1.3542653611160955,35.88041915931109,-115.25335456087284,4.408318168534206,single family,1977
6.592161412309198,10.377472288241972,1.2291749553410574,1.9291094965762567,1074.048538841929,6.1779450824212745,39.986084747933155,-122.62866127114734,2.9145986456360737,Condo,1979
7.037420909914495,46.28760777707723,1.7291767397994209,2.2954436608085595,763.4213667153138,3.792746277317348,39.05846332515683,-122.86090900961987,4.096925929066796,townhouse,1989
2.40370165385579,3.255518321019749,3.2164265021303793,0.5315048377953548,1223.7525118282613,0.3098384546615759,38.77362451734525,-115.6961218114087,1.580614113271348,Townhouse,1969
8.51451878088035,23.713222409146333,3.954936857191377,0.688116846945728,3500.763075039893,0.9239475922258008,41.20289988981662,-117.83655938036804,4.677387489808008,CONDO,2011
2.3821836063623367,14.129062124938756,0.7088209344199067,0.8758713229785289,292.9572504579973,2.204583011688633,40.3784289894056,-117.38859781026724,0.7568887107131663,Single Family,1982
5.2201544554913095,21.27733271443989,5.713905735195733,1.2115422631925692,11742.0727713715,1.018753388254825,35.26978135118956,-115.5682602241458,N/A,Single Family,2006
5.2220065388805,49.1110848847479,7.440238989572851,1.1015819824605668,850.7817016240921,0.3415663904522634,34.446568204710054,-120.41414388201122,3.528660753189384,CONDO,1962
4.913204470580421,48.65918257387335,9.566185723791428,0.4461469460395172,14123.726893145473,8.32780355828124,40.508365233211215,-119.58767868251064,3.348817435415178,single family,2011
6.269157182506723,5.1601970300045465,7.800268529142317,0.6913148819472957,885.8283009744102,1.6950494438416073,36.67393058102468,-122.3068405966832,4.182032290690162,Condo,2009
4.4557949876575345,11.394112523417297,6.492467707036277,0.2751956375139968,865.0309560754134,0.0254533225773541,33.23492822490807,-114.66627401125103,2.959363219757605,SF,2017
4.640811547633231,17.132581505078033,4.193247309867797,0.3689957345307255,2408.9024813332094,2.474187688667618,33.86897190445023,-117.3742730896686,2.6627353231182473,CONDO,2021
7.753882777492064,51.60355234606291,3.9756012960209137,0.468873473177452,737.2564006557617,3.8282228407556698,36.34062085908078,-120.95050352297991,4.259703088916256,SF,1968
8.293812214950231,37.48224969807253,2.1874334011282244,0.4822787238002158,612.0001223067641,0.9243364790968958,39.128256009056784,-122.55849171753754,4.537718469429738,CONDO,2008
13.64863742989654,23.468752379394836,12.174707129803558,1.7311472881162433,981.37449905486,5.886330059822993,38.938981467466405,-119.82291916811742,5.0,Single Family,1978
8.994986514521642,5.873557131279964,9.725483325922747,1.2706746069192094,1328.3700069083625,5.661954148245679,41.90890625475192,-118.5442656035038,5.0,Townhouse,1995
19.06899898374566,32.11637107290343,0.7306769315331465,2.261469397861212,1115.6304071552224,0.3913479849935692,33.050753558926324,-116.17312980919723,5.0,Single Family,1999
5.629368516206671,45.215667413243736,5.381930253190348,0.5200263710346165,885.224883697712,2.160327534042968,40.87000875582469,-122.95751295338388,3.6977104552438913,single family,1986
7.878108247741038,33.357637489898686,9.41345724114644,0.871292459757062,2172.9508030088673,2.065653518841274,35.83708847813051,-118.2955170920944,5.0,Condo,2001
11.361999060541786,50.00827345323152,2.9639204007764213,1.553386070336316,1200.498271236817,2.0931537041375834,37.87309955269892,-119.80678203067797,5.0,CONDO,1987
6.969370097061045,44.89307224888689,4.036581146177084,2.8803971176083443,500.34709687648495,1.058908467689854,32.69291934482791,-123.8578168227251,4.798640399232513,CONDO,2002
7.4034572733436175,47.3725962296156,3.844744517254117,1.177034981939805,1498.6011609536554,6.334693711002003,35.57665657541022,-120.97287635338188,4.811569625962701,CONDO,2010
9.012466195187958,18.232316624074425,5.909128349333008,0.5686153106209394,310.1699674699562,1.8157236062420223,34.89389798835298,-117.28055530663036,5.0,townhouse,1967
8.389403853211515,32.45722336349422,2.473665009774455,0.5765827624454699,206.03387838116927,0.1942705246270225,41.86134131362674,-117.45469717612752,5.0,single family,2001
3.135695424869267,4.407662268331414,11.23193542552732,2.5461054490662054,3517.420414060612,2.6187739722668297,35.73278106328001,-116.56732022527908,3.3216711843729336,Townhouse,2007
2.7337937013718054,11.287635062039914,4.974913351167869,2.8864422444987574,679.3807049117485,1.7835182183711231,37.65077186392282,-123.30825480826935,1.6868497081219993,townhouse,1967
10.527543627894511,43.864662653190464,5.749341637164751,0.9886202937999966,904.2073346296012,0.2292300655793074,38.515937395629734,-117.69660964069072,5.0,townhouse,1977
10.940024145784966,17.501464684179865,7.664018685500498,1.1271273103039408,1314.8629052956148,1.9831670912497703,41.68069705207351,-123.87700922339818,5.0,Condo,2018
3.468251054405827,6.080742135969674,28.956167053576088,1.392604562410504,827.0896272989473,3.019427376423486,37.58847017995497,-118.0824878894766,4.1538786358921564,SF,1980
14.568945125994054,10.754461418213513,5.539005650910977,0.2379933755673468,2180.5397025711827,0.1632917571944837,41.64355301123558,-116.42729328431818,5.0,single family,2005
3.04866336855275,49.86285946293262,6.69436718821443,0.8797070285342906,1015.8627544216522,3.0609579815523675,40.62936325347499,-123.06514757990358,1.8454434117424956,CONDO,1972
11.490873013039478,28.68487897560224,1.5308331840010776,0.3607306411332883,968.7643851598846,0.3513367065607969,32.61642513655117,-119.22812623115456,5.0,Single Family,1986
2.7593524482107306,34.8994667680323,4.252143312106885,0.6510512351039999,1045.2480935970557,1.6620610371878684,41.32905275061249,-120.72626191321302,1.8875263422106872,Condo,2006
9.383168123193546,12.103286187080512,3.4091590125821623,0.0256008835750836,953.5417489335064,0.0080317634444272,40.77795539978926,-122.18624860952008,4.264115975748031,SF,2019
6.311452765816581,10.077893224658322,4.706483185145782,0.8060779547161916,1561.512369565383,2.143103005902286,37.742138647913166,-116.72757438684958,N/A,Townhouse,2021
4.286104585834814,44.47246849943421,7.14337354445968,3.5710534443420987,1518.230529272841,1.299517046057035,35.68332284059161,-123.8293717007486,2.4380405697636056,Single Family,1999
4.051601311035291,20.747849532903736,6.546723462770399,0.0993179510901704,828.355555114999,3.2089882065941953,33.74626201066584,-122.23500296044988,2.86051696867486,Condo,2012
9.443848495838663,50.059551807585855,2.1597789782368526,0.1658742130220632,466.6304637415493,2.0224292502485617,34.35286830360807,-119.34539929685364,4.806231147154182,SF,1975
9.155365639114969,1.8347467586208417,1.2616376662383204,4.287430239228905,1199.4203947266387,0.9974631227997444,37.9233072536901,-122.28029025310316,5.0,SF,1999
5.063105087067485,32.05026370783267,8.143533595981388,0.0111131542944857,1239.1481186386573,1.523468112442273,38.75517856504768,-119.89520785078714,3.415735537819366,SF,2022
6.863296229078472,44.305849150770975,8.467696205878825,1.9840500689657696,576.5072952005042,0.4815597074773169,35.23871762201818,-122.83984551055478,N/A,townhouse,1968
4.073220466095767,12.945191464785529,2.536921370691983,0.4396908671142228,3039.730775509189,1.4414245680102893,37.94671026024583,-118.57962541356471,2.3426169963686285,Townhouse,1986
7.539685337421502,45.180453534344785,4.587292873834271,0.962895237983878,1522.6253469796843,0.1539113625562936,36.80617451205827,-119.978835556053,4.614041660152269,SF,2022
19.04447688443166,13.730139286386024,49.44707295453335,1.263120922601776,1652.6255493147771,1.2884026640687003,39.857715432102,-119.17278191453094,-999,CONDO,1976
10.03077770400772,31.41710416801408,5.265981984835554,2.2393251487797907,1588.2875751897272,1.113150038028366,35.81026025726863,-116.42406463017797,5.0,Condo,1962
1.5071630937510772,36.36087777191655,4.037663257758276,1.115360768411539,815.3392899147132,2.2124341388789492,35.881108749581244,-119.3648240704986,1.144371445599638,Condo,2015
4.865268285717454,1.1694673534927784,8.357947865681826,0.0215795554780025,893.6693132334867,0.2623053890668416,33.23428419833133,-116.90765071733682,3.646814816284514,Townhouse,2012
9.138535491324893,49.406431095288,3.878791835418846,1.3277778774897453,651.5295974133406,0.2767621366060456,38.3619537361792,-120.16925165907564,5.0,CONDO,1963
8.930376728129314,45.27870989668299,5.1051986805615215,0.3679339115453334,1124.6474501177283,4.184102989133204,33.08190463432986,-118.95298358858032,-999,townhouse,1999
10.768319915026003,26.47203894771564,4.1085527213521305,1.9207808059657607,496.8361945676874,0.3540953806484139,40.98145408792599,-117.52810939084388,5.0,CONDO,2011
4.631775213522605,11.072281959510557,6.0034115443532325,0.0951238181918235,265.7886669454473,6.935476856686709,41.50777264576461,-114.367841663505,2.716930157083623,townhouse,2015
7.051404890510654,19.38222451073556,10.126255199324511,1.4872697737867198,2066.980700526484,1.7401074135219885,39.05645221191923,-118.79137953508224,4.399692614223685,Townhouse,1960
5.800416085301209,17.276449141854876,0.2304798539277904,1.5758299367434958,271.44077211179257,1.7829077106538562,33.80690335870983,-124.25466157768336,2.933060321719811,Condo,1973
1.935341751596408,14.450130327885434,9.13127811013874,0.3099179257576686,1285.0699618289707,0.0827558981333974,39.327387233058744,-119.88261343528896,1.0948153911650205,SF,1967
12.339610777088913,28.163958864795788,2.250498491577888,0.8643913075585542,604.4255197252573,0.7826623825374185,34.635935711780455,-121.49500360967647,5.0,Single Family,1966
10.441366083268582,21.150916878529152,3.3072468081534954,0.8391161431717077,1072.689116236288,1.8667625378827015,37.362468066379755,-115.63477395551736,5.0,townhouse,1989
8.749910384206261,8.973909990067316,2.150674854714055,1.6856181858504125,1619.87608419481,0.7227967016819494,36.839493206724,-115.2058765133888,4.267418619941564,townhouse,1984
8.774519585804411,24.63546247094559,2.9255544968861416,3.379286915230052,1795.808155705294,6.867693955815262,39.01327361928118,-119.10006356653052,4.534199519457763,CONDO,1998
10.711206131333084,46.2108719492396,3.6270500135140273,0.2398456020982263,751.8467860208877,0.9343119959716688,36.67270844074676,-115.40193369093012,5.0,Condo,1975
6.3780264132806055,44.718095704424584,3.4235150055713897,1.427380526298471,1481.1072033037046,2.6501544236822245,36.87166116213653,-117.64688743130029,4.498671580489802,townhouse,1970
13.682922966758255,26.393158971422615,3.088183405955429,0.6498372923880987,968.7548024782434,1.1212813780977062,36.586817602928114,-121.39149802936964,5.0,single family,1984
14.030633915535212,30.114647064379692,2.225712997885781,1.4222506902558572,2914.9409903714245,5.862928493791928,35.44501679125001,-115.30848480785858,5.0,Condo,1992
11.381834901669151,36.33158679704784,9.99548555428899,1.280534420310717,1603.981169276822,1.4624853158933049,35.75624545822503,-121.64046987989148,5.0,SF,2022
6.513890100598965,26.98149848041381,3.0589761356762057,2.278054776563707,410.5339213116653,3.5242421687283345,36.39557735530663,-123.52686965263464,4.3981178055965655,Townhouse,2020
9.801818375908654,2.3761525662332375,2.0312534104691,2.589078506756689,1400.5204017241106,1.6142215506526774,40.36209506661272,-121.78680110020731,5.0,single family,2013
9.1761323371984,3.9056447718911937,4.355529685244116,2.5893605781955342,1721.4513828579345,2.0032419319641788,40.16041321423528,-115.878149298695,5.0,SF,2011
8.534377132110988,11.417372364794236,4.8451866332297575,1.770531787022433,1298.5194336587704,7.305620564310939,41.07278202332949,-118.11278831257836,4.216945013922798,CONDO,2010
9.423453479119551,21.29780597837979,6.951919703568847,0.1417128021725787,1206.1769035399382,1.259943766487167,37.34389160128292,-120.4823255608215,4.883711664203906,Single Family,2007
10.894651979164529,31.55067549387964,1.954140728550207,0.5576341767097813,1139.2869303291584,0.3784829738086989,40.64646912766042,-117.64525231987938,5.0,single family,1980
12.941811581747352,35.06959361852314,1.6611221278735455,1.763092369247192,3430.017809501559,4.23458868027331,39.55033733691333,-116.01318759789044,-999,CONDO,2011
9.232635828823438,17.06417509883839,10.303327189781385,0.1268493895179781,756.2964330724836,1.059112065099674,37.69207127664616,-121.84696372199862,5.0,SF,2011
5.676756771452341,50.82408854203368,4.605352710012605,0.29989716877355,784.7554636844203,0.3128798641248161,37.49417065787718,-121.61105645334422,3.481453732844007,single family,1969
8.819975193433818,32.30423889545628,7.498548148216821,0.667345590480472,1077.2296289065184,4.178409184120949,35.91918205666701,-114.85419810781436,5.0,single family,-1
14.343614628784133,31.86288257914183,5.0734100681274645,1.0822241238750991,1791.1385877204643,2.013511896949774,35.56146842699386,-116.82753730984662,5.0,Condo,2009
6.786600686997318,40.614491937552955,4.486124985909181,1.7787530373031717,1293.145447470432,1.183280108205482,34.399708316349916,-121.49081558977872,4.1174416660684745,CONDO,1968
5.738206328852807,29.05286618396607,2.7023205655284386,0.632575955122824,797.0318875968833,4.203967648363351,33.32900049345626,-115.88599288359713,3.5282965402688915,Townhouse,1960
4.6641926019808135,42.42803068476529,11.26739257884033,0.1215556559088564,297.24141559322334,10.12633133054232,36.15918816513676,-115.5490176516647,N/A,single family,1993
10.63870693616891,33.522277141220655,3.494816920857924,0.4720108557714725,1186.008527977456,2.7441454834957986,38.45033109902411,-120.17932694431552,5.0,Single Family,1990
5.379113802701176,44.10814221261676,9.965610793413257,0.2847502092843705,409.2083615004336,3.5335192935030477,33.85488273086016,-114.8019539359936,4.702414083220454,Single Family,1980
1.937355994474652,6.130122149149961,10.013124920746955,0.8848469444658099,225.54156075930587,0.6864493776981565,39.412196843382155,-116.40169787875202,1.7831043198339236,Condo,1983
6.002082225578653,10.00341499947611,3.751031941417404,0.5581173991593541,1340.5621319214692,0.3273061184296012,38.71314104799636,-120.35943900052013,3.293900561696489,single family,1978
8.293321621322239,8.373165391118427,1.5227724346103426,0.8814246648060914,891.4458769007226,10.35650057744003,34.05834665101952,-119.37902722156934,4.934171967781592,townhouse,2020
13.65607534736179,9.080022185804014,2.456371365531844,0.5301102047590392,949.5341123468096,0.3696507654144181,38.28049941446216,-114.36078300408296,5.0,Condo,2007
11.426105455724656,18.161301082295186,0.4966426781752945,0.6668226193785123,1608.4056799973662,3.2443260550105,39.74904852010805,-123.95630007354868,5.0,Condo,2019
5.47009872904545,8.222480105618084,7.552204898690277,0.1696164402510499,667.9369129713192,1.7020789726022003,39.14299022455677,-122.1462303114719,3.279823276972898,Condo,2019
10.52191315112269,34.92077352071688,0.9008974383555218,4.263238671216748,765.0411207978213,2.3171304335833947,37.49108436219497,-117.76122503930527,5.0,Townhouse,1980
4.681262377867083,18.01941750825803,1.876790263211178,3.220212874612474,855.7175826447854,2.0544444683013348,41.80681959600872,-123.9144523842271,2.6657293730517915,single family,1984
8.50956504474453,40.47447047398844,6.054562951744168,1.1869488085018232,611.1768088042675,0.6134545915502498,35.85706964325043,-121.37195919220171,5.0,single family,1979
4.957886185529374,18.096053478507383,7.285405183139597,1.4152533999136254,687.0777935087373,0.908446787106433,35.71541350949041,-119.1701937986448,2.5323333017400156,SF,2012
6.058707259823984,32.89901140108497,3.850315570458556,1.0502121341287278,736.402788799693,2.3865862731650895,36.78413739017383,-121.4925541543026,3.966953807991876,Condo,1985
8.504750557318546,42.38619081140894,5.201677731456403,0.7683661358872911,669.38054575235,1.4822975215947165,35.805407053891734,-116.75547088679504,4.358044484861329,Condo,2022
9.31496699232742,4.554133071158162,2.156050404011572,1.0625650527674375,553.4046674831743,2.7989649309481166,33.304003803348316,-118.08609015499871,5.0,Condo,1966
7.239011192321467,30.15540890828348,0.8871762193160707,0.1452384376372399,486.5810708517788,1.0464224169776146,36.60280139138625,-119.62179052410023,4.313810104824565,Condo,1962
10.231638705103936,39.81525290691982,3.822989185624929,0.7889157200600808,675.8830991268696,4.04074331914087,34.50215242096593,-116.98132121103086,-999,Single Family,1999
7.564319473050722,50.48321851483198,8.682216271069047,0.6289168733495992,2124.2881659442055,3.043232934405597,34.32702582616339,-121.93378932747696,N/A,townhouse,2015
7.226739309883141,17.508599632878028,41.0261183060792,0.1150521411160051,983.8654287445744,3.0847573143557256,37.52676988336044,-122.14401897145692,5.0,townhouse,2007
7.684522340408602,27.02178049412941,3.2293911695249795,0.7627097380120166,681.0926043490207,1.6547563757313253,40.078462750252385,-122.38832539780417,5.0,single family,1967
8.65766800547524,32.163373118885644,3.7995028257141863,0.49710765997594,1547.2162731214655,9.527461643327468,34.07790414832394,-121.29205267705524,5.0,townhouse,2012
6.506255417329645,24.068223377978075,13.980500225896003,0.32074941026563,3005.085261090891,0.1801505479956323,37.78568247509617,-121.75122581616196,5.0,townhouse,1989
9.528321705263703,39.21973317566487,5.211031571117367,0.6653696763729972,1457.3476817747132,2.278048571477901,40.07857172649907,-120.166064593103,5.0,Condo,1970
6.944769823657525,13.46526195138348,10.44946074924544,1.8087566353539608,1376.2648031167057,0.1131129431344059,37.52404267405594,-121.77889624684671,4.778223038116709,single family,1967
9.865768107605394,31.7162357225847,17.664001841958072,0.7659010354669968,889.0115317769723,1.1615561937051229,35.354466164772475,-120.36126340164944,5.0,townhouse,2016
11.668699152105154,46.11350231992243,2.143149411120957,1.6050461180619593,275.534333431307,4.312798620400247,39.60147022407159,-118.9246059753068,5.0,CONDO,1996
5.739425478769461,17.36715934425059,3.0876590929861276,2.634986597647496,1026.2161170446143,2.4307574562210377,33.23108112207144,-116.05582401161162,3.391997979077686,townhouse,1976
4.951872591430724,32.406847313440565,4.212273315050841,0.6690856167695481,621.4766244789242,10.867612065541556,35.02078430375449,-123.69036088982136,3.912393814465593,Condo,1967
7.665039086550069,42.21055606904056,7.0982094150005155,0.6582765930023403,1683.3083784440228,4.025389965972154,39.82611762419009,-114.43134391553986,4.738980699175832,townhouse,-1
3.989108790709963,10.343325521324106,3.1563939232222573,0.8369757879535334,920.1681031843602,0.4537849049819829,32.6846348887421,-123.01863403562022,2.8658894929663603,single family,2003
9.977571542161105,19.05341794973444,5.630895022139341,0.4612736167539762,1928.288753436102,0.1573682482578389,37.61474100033934,-121.05727743024336,5.0,Townhouse,2023
7.2639792662315585,9.630670896814223,1.38868207111943,0.9933191990221172,1109.8152955146738,1.933253955842199,35.42025242808642,-116.31173344590582,3.2263942256617404,townhouse,1989
7.749758189893177,33.96232408864964,6.480115970621083,1.2641127254177391,962.6891303832768,4.283512052526992,33.42189280907648,-123.00794099174064,5.0,SF,2002
5.23147243788092,26.752642180060025,7.655290070652957,3.39523650777582,10134.35202221282,2.932201490935926,34.748425883539035,-121.16800018655952,3.346674329107716,Condo,2002
9.204438789882948,30.290701259280304,4.840842600147454,3.0210743700659743,743.7506791292413,0.589095608157905,36.61208254298434,-119.68248418301184,5.0,CONDO,1975
12.124044493288878,13.469050970845371,4.659090188226881,0.5163076219076003,786.6182182827275,4.33656371613563,38.27542198759825,-118.54042158092642,5.0,Condo,2014
7.51944797458426,23.565245225725945,11.037343365591909,0.0842110790273174,263.0686207472999,3.61439809007587,32.927426317084425,-122.09441964479754,5.0,single family,1963
12.125737831773542,5.139658292814378,5.898957620756456,1.1318829313667402,1095.9684559138136,2.422430561128059,36.48972386285048,-115.69505684709674,5.0,Townhouse,-1
15.418686343861475,19.36818807720208,22.297851066402504,1.9030099092584063,756.7352267692968,1.2705534772727265,33.40070836640149,-119.6077618519532,5.0,Single Family,2009
10.159850359614127,11.378923927407005,4.535535254881663,1.0652318693190783,1279.8120532128617,5.774325938177509,37.0195482044177,-123.65242441958036,5.0,Townhouse,1993
15.722345771320684,29.863609717342484,7.264763869514056,0.1987310131431382,302.5746403362705,0.902026612165024,34.36293832139677,-122.4337100316305,5.0,Single Family,2021
10.002621701751636,51.065766405983126,2.973171596946019,1.9205543906254996,525.6410337160087,2.1956577280241816,40.8170558332622,-120.47335005998396,5.0,Townhouse,1999
3.906220913130456,5.401234889700557,3.1420937137335367,0.4515480785682167,1387.6272564430828,4.145605631537406,36.57475399565465,-114.54234566341091,2.294097250012369,townhouse,1994
5.2850110585918,34.615662605408254,6.691147389333031,1.9407258877794544,1796.2563115105709,1.269059731727569,34.306161738546855,-116.46774995357744,3.8358248757898754,townhouse,2023
5.1102470965512286,18.496760471635927,5.128781436232219,1.4634614223583824,1528.1704907900205,6.367213708862509,40.82651735737047,-122.07227086437784,3.3496257149701476,Condo,1972
7.628661501223933,8.428537785121932,3.832305922947606,1.9307326899193813,888.6208905861446,0.6963288607181352,39.83879933854256,-115.27686673833274,4.57502821380811,Single Family,2002
13.386247072841476,38.74464629228759,3.0109807564480526,1.186175284678755,1328.450365963586,1.5542780004364338,33.652851861389195,-118.06723004867854,5.0,single family,1986
4.566056778953672,44.46604129407629,5.219814998575841,0.6256302676755101,1073.861779987188,0.6711362423587833,38.31899113816887,-118.07865611679604,3.0959576831978843,Townhouse,1967
4.853349372459173,24.747727571609225,1.8163252621197692,0.8667892852530333,825.0718132900772,2.8238222398894117,34.97848837288314,-119.16834074362662,2.8473354511630036,single family,2000
8.265592818153625,13.25816003085537,2.782528718013254,0.8467598126446536,13148.159004397954,2.0288364643080774,35.49553408599471,-123.52483959026692,5.0,Single Family,2001
5.299886135021103,43.52507948442788,3.7081643415000265,1.0174401758400538,440.95001177343886,0.4025510605739908,34.624635195826556,-119.76267011561212,3.206447833278244,Condo,1988
6.138748057982644,15.946684065314232,6.700137208194432,1.1819915019035834,8463.337440392244,4.912831838627024,40.05885960597406,-114.55080040650734,3.4222802865931063,Townhouse,2021
12.969553314580834,48.18846090612527,6.803236290386759,0.7196550804942174,1607.232091830742,1.9592791477639784,39.396797023179865,-119.25704448356971,5.0,single family,1975
6.652689872504416,40.68487910418606,6.760711154141292,0.3700448356558622,549.1019209429664,1.0924829158671292,38.80001609079128,-122.35031703113668,3.78892191529688,Condo,2002
14.060353052622364,14.4059418660806,7.520245930666744,0.0203952068752728,10122.56683936842,2.241740725494191,33.71834816225134,-123.87889196397056,5.0,CONDO,2012
5.786596582063801,44.89201300283633,2.852745333400363,0.1940675864516285,617.8819638029371,0.6312377570581152,36.64682670399566,-118.84210769702808,4.317575960904154,townhouse,2005
7.5384176703785695,41.38173726769846,1.4335618585112433,0.8115960758339398,1622.0140095338134,3.5266380694933326,34.17524692495535,-114.4766312743018,3.1434932657010477,Townhouse,1964
12.960311831902803,49.22218989374731,2.6222267845311604,1.6899687910432768,2612.0734251331214,3.0788635720676787,38.42084668009275,-116.62843504884572,5.0,townhouse,1996
12.124221704136628,11.878988290145765,0.9418354961256652,1.1475458586489784,5855.692205125599,0.84391019615074,36.95540775959393,-120.93026648898189,5.0,CONDO,1999
5.59365656848852,5.725657870495241,5.027691472524505,1.0661233843328233,304.52053727521246,0.5158184770407146,41.06405649131918,-120.05903397639372,2.9863423676394865,single family,1999
3.1575633246188577,14.874548875722414,9.969329300907324,4.561316775222862,335.74697188524897,2.503934637442227,38.926895668496336,-123.95669225411656,2.641716828087094,CONDO,2001
11.538384139006965,13.88646529508908,6.0687286227657165,0.5213413677660578,904.2995459400506,2.660164177576335,39.7988094937933,-122.86254458815402,5.0,townhouse,2019
9.225411855831688,19.086352589161848,6.173703203928933,1.4215454239398475,1598.4561947477955,0.9176758677020082,36.03293602257393,-122.5162616564261,5.0,CONDO,1969
1.995846033153907,8.965878360598431,1.44537973792569,0.4319264356262547,1029.7281798802444,1.5760564349293826,36.57416107378299,-123.14261773717696,1.5276008439644473,Condo,1974
10.143048787676513,46.281564915892496,10.260023530503096,0.7452999069373953,918.185982467688,1.2484582381338876,39.964883284761626,-118.784668141186,5.0,CONDO,1980
8.294529027305202,22.563971002135773,2.850091981026168,1.0081499590792682,959.33034737115,2.3977668434653823,35.98409730570902,-120.4357083732297,4.217483719570928,Condo,1993
8.270335278595008,40.66524573856716,23.66711848620288,0.5218945651852995,1336.173720712036,1.82503602426069,39.91338981155658,-117.430798877198,5.0,townhouse,1981
5.451200163309319,19.135272665513856,4.830279776360653,0.6577488424615164,390.8512742975795,0.9894584885536432,39.9347481333908,-123.1845606310774,4.140725424466041,Single Family,-1
12.307169777871474,18.189129847314938,1.5588647287958215,2.434126567285512,532.20865460189,0.0106231203848085,39.82629206989447,-115.04150299886535,5.0,townhouse,1968
4.339126677849465,37.0368597025579,8.953550022900126,0.3416880391015536,1255.7663576121452,0.4508875545514687,40.222490737874175,-118.81825353286798,3.36367841427347,Townhouse,1985
17.118920119576497,48.93691534321086,5.68811041581864,1.6144658929470748,600.1186169958377,0.1821355377413953,38.84062701080113,-114.72033672143463,5.0,CONDO,1972
7.300550627029565,5.873027204911617,1.2306325296845957,2.9423000312142964,1084.675778535688,0.4826970311054999,38.42915935806787,-115.15344015505772,4.18083711835695,CONDO,2013
5.56294055622284,1.0831428486538297,5.379016365933346,1.9627292280579276,1316.5428613341603,1.3858111082353912,36.83615193330278,-121.52839716012444,4.437591285849273,CONDO,1977
12.036735119740966,49.41107745973155,2.6782873772552587,0.2739280123984065,1457.307164244245,1.812493504718588,35.17236425971818,-119.78566836710452,5.0,CONDO,1960
9.00017605625189,10.259943334226328,0.94785685406439,0.8510859632293415,2080.1040582176834,0.2096534191500517,35.2079157394358,-118.24094979982917,5.0,Single Family,1982
8.314707441852036,16.444279216472335,3.1324805860752316,0.8549065578343332,1958.3205309281836,5.6773338460332345,36.33832201958035,-114.48111700634864,4.690258333461925,Single Family,1992
4.312437960570277,22.63103293082616,5.999492016899687,1.4239744015856115,6089.365839825527,1.5710721424160703,34.17286101571692,-117.55540102546958,2.805488167748766,single family,2006
5.255202297175407,25.927592478286016,3.69530390280937,2.242154161419507,1076.0674835154666,2.836032384391336,41.64524989102481,-116.82407063805124,3.327246745265915,Single Family,1990
5.788784883443088,28.36481787022369,3.32869645047492,1.0769526214049516,3318.854706459698,5.414202176634677,37.42029866729983,-123.25808151262966,2.7807150709573127,Single Family,2017
6.570557389402895,45.5888587912894,8.466998143301968,0.708498274648775,1147.9846727867846,4.043085787081575,35.939593335615264,-122.51637497159015,4.173573853098897,CONDO,1980
8.718886745092178,42.37680209252875,9.506367614790854,0.3935106640338314,508.0964052642825,7.902036120527283,41.18574526500101,-124.12933075961844,5.0,SF,1982
9.7670531543028,13.180899954603756,0.524455213961944,0.3985641483811933,1150.6604477291164,4.461572354370358,35.697643486363276,-122.96057966187016,5.0,SF,1975
4.26349863527965,42.82766402332286,3.153868709930486,0.3319063948853561,1480.9801582015484,2.6384496265629296,32.827177149602825,-122.24702339983322,2.445616305051157,Townhouse,2020
3.73625720644272,17.672034902372555,14.655375155906496,1.0123550753167891,1140.7383674187645,6.06205704906818,33.27005953067932,-116.82046157794096,3.689555293449118,Townhouse,1986
10.159125730749915,26.98536567318897,2.124232634062184,0.0459593480834933,3267.1546038977967,2.8840892040841477,33.04057765961445,-118.3965713112988,5.0,Single Family,1996
19.39133362460043,45.55314633986987,4.941945947166332,1.5236737584618272,2045.9565405286305,0.2171885440343301,40.38657258890359,-120.02081361697074,5.0,townhouse,2022
16.9317779812613,46.43126367157386,3.231549203284629,2.3231644922249783,1067.3966639702464,1.9851810245499757,33.53376156754438,-115.97100438823772,5.0,townhouse,1997
5.2173898427970835,6.9863647014297054,2.5663916681863643,0.5567869098818047,578.9630445257587,1.0927964229400244,40.32375536681166,-118.19500757305195,3.079474317677976,single family,2011
4.658486416262257,12.849742002784597,6.7785035646886325,0.7916635083083694,1066.061108420131,3.8036449776321177,35.328048279927295,-115.25414572898876,2.6189224491563317,townhouse,2023
4.42880794963026,27.314331805456742,4.795555436186876,0.4142015995839938,722.4145481884019,4.8061935906768785,37.73026226531439,-121.47020836645494,2.792944005429047,townhouse,1973
5.243000794999105,32.275506957746565,3.391506355182649,1.6268035600085855,1169.34328249272,2.712656639901588,41.770994915132505,-116.09814530735356,2.606716254211735,Single Family,1996
6.519352633016573,23.11306033238036,4.619262203888727,0.0490194452181866,727.7640580741288,0.1588629046476704,40.32796503994371,-122.5040026313093,4.431477176611468,SF,-1
7.387387124677652,20.54848418890098,3.968748379758867,1.1976889912599908,2326.6599842350065,1.3884710298585876,35.21854232502198,-119.09601184813388,4.18159101454859,CONDO,1966
4.861742240916558,6.3556257986515545,3.938494433665888,2.0878126839256628,488.4257266240668,1.2292821975565449,35.476493064352866,-115.96095529879928,2.857361193660678,CONDO,1971
3.5094320181951915,23.52744317812382,3.006322011248683,0.518166146313477,2472.82514883448,1.9619037814381328,40.987787444796,-114.89960233641445,2.052153258733696,single family,1987
3.1251081784936554,11.854467267277403,0.9215751346665264,0.4898991173291272,2042.8833234329811,0.0648403004933068,34.852308506630266,-120.69700444984692,1.4711190549376787,SF,1962
6.4687016058717175,28.151473130304655,1.0427517239783195,1.0773383889694388,1311.7803548544596,5.171202522140891,41.78133532866448,-118.55193894827956,2.809403838965427,Condo,1981
6.771609698403278,26.68544969742797,1.9140515124689272,0.7582893951820652,148.19909736695672,2.670526475345698,40.8605321501424,-121.12982659615984,4.311676845579933,single family,2010
7.921260108021794,5.357179593131402,0.9205518244294324,0.1287323110780952,741.5898503512533,0.3270411598830848,33.23074198042258,-119.54575703557516,4.092194068668524,Townhouse,1980
11.667432363718612,20.52242547402308,2.6142034071762765,0.5714743881838212,2269.453479949036,1.2120777547698165,35.31552178008301,-120.06747697188342,5.0,CONDO,2022
2.860569794603316,31.61694401516603,6.262682766583308,0.4305057504791538,323.9026693742731,0.2368360802040184,38.05206054601123,-120.88476371946662,3.0414206211872137,Condo,1988
3.5629854469960813,35.42885739095685,10.49619559450371,1.4365027709619524,1548.49693765536,0.0346626964288151,35.135416474070624,-123.6340650563482,-999,single family,1979
1.004102759119337,4.266662479583986,4.842290579055691,0.0781350521741187,1540.665614669725,4.743599876140201,41.65727591697084,-115.62717394711304,1.566489024406551,single family,1962
5.2426000318622705,50.19982602406078,3.0351421669127574,1.1232321974804047,2004.5646821869327,1.2529432087095065,39.45986139738457,-118.9903030771617,3.4752022073343714,townhouse,1986
4.702346052734685,43.77648347748751,2.9747224283027243,0.8478875482902671,2694.0919420288587,1.4404924062318638,37.78990878056472,-118.07172617798167,3.6458250645665937,Single Family,1980
8.51212030571249,33.13954604569515,1.3845020138613089,3.979199756746026,847.8344148428924,0.2396301214376713,37.667884864626,-116.67355649156607,4.96634101034742,single family,2000
6.050434446313082,3.41264715489236,1.9916071146842411,0.0447157226012298,818.197825378849,2.7281009476313636,41.06652995965173,-118.25916348537366,3.9212742448765576,Condo,1992
7.30190235103808,11.21466689864868,2.5681825256450095,0.7760360769298362,1809.1444924588209,3.160302413632201,34.399812128303594,-123.36773146228305,5.0,single family,1989
10.766052910438916,25.47426071704675,2.5093754501904315,0.5233119995600125,2804.1693006508867,1.6570102519832293,36.30216475138299,-117.56725407612647,5.0,Single Family,2007
7.088572759878828,28.662178289533102,6.438449542222629,0.7570164442844113,299.34460723334485,0.9116882300319212,36.19228553625016,-121.26651664708535,4.597277100905848,townhouse,1998
5.985797300531396,4.072163488676997,4.869902544670312,0.6679250681305324,1290.247183811308,1.5379267160484271,39.6056209071107,-122.43049271380744,2.5875612845868647,Townhouse,2000
6.66561480105556,13.2283585035629,2.5901799041752316,0.3870230223179278,522.3037337506769,6.211218870896569,37.47555238500061,-119.94010272061672,3.499703100121386,single family,2018
8.635540724883967,46.6816719399682,8.658467508474201,1.452497146182284,1284.566781583073,8.007750567296444,39.967458975215315,-119.13870667102871,5.0,SF,1968
1.3101027340736655,4.604896372188547,4.109922211549947,0.4164165323367351,1558.059157538365,0.0798668949438314,39.840008889974136,-123.26943808279256,0.5,Townhouse,2007
2.6481268345723525,12.231074747032592,6.0912517463797915,0.8225130128591017,810.4532075002608,2.1018343170837395,35.055303365361176,-117.4599506131712,1.9868579242670248,SF,1997
11.498972433936418,43.480237014667665,1.6688251172877386,1.6153900060741098,497.01033081850346,0.9046258638944308,33.69476113060745,-123.85654617909408,5.0,SF,1982
2.629247030056689,36.01532398147076,3.96161285803028,0.8750949223859931,930.7202976831948,2.704628808253097,40.516926672747154,-116.73053320532485,1.5538199700454438,townhouse,2013
17.444752412455532,37.26567589935653,3.047647155035747,2.0618055429341258,1257.8280516360408,1.1308316408856691,34.18850645193519,-123.16147403493711,5.0,Townhouse,1982
6.769723524604882,48.379252214024966,42.64639850082757,0.2672947815694592,988.979804045435,5.111488793424313,33.34834060099283,-118.52457605052268,5.0,single family,1960
10.7615939308656,17.936943262744833,1.9546041303352064,0.6591498702776505,2368.5843152289353,1.3621021486584275,35.49781284300965,-121.32188279394066,5.0,Condo,1980
8.507971710410622,43.39002641500615,5.694973545003935,1.9877685271482075,2001.0740857866467,2.1686843653467736,36.82625411441301,-121.32559637769388,4.738607710875644,SF,1991
4.971742638457966,1.1209412446739315,4.635099844634768,1.2090545396053454,1288.9528242594004,0.6012846131439956,35.183448466705165,-121.07279728614924,3.564125627463612,Condo,2004
5.465540190056646,47.08373696783043,2.852213753305731,0.3086175001773691,1654.2097818296745,1.364562205129054,35.85128955726194,-116.68078756085184,3.5552998792699952,townhouse,1985
5.777459985543164,29.70000630004648,1.860203744092252,1.3050484152487123,2730.944437647933,1.8594621242590703,38.433966771215786,-117.65997584755932,3.2771105006780816,townhouse,1992
12.431989652288358,49.68616877015332,6.93234769754546,0.1740500366074689,957.507462323025,8.662659324731619,35.93765180030728,-120.6388198486071,5.0,single family,-1
8.67448426400844,23.540962243889165,11.098381205963896,1.3443778877778294,577.5497495602737,0.7999761107409744,39.12840986627995,-120.1179725915182,5.0,single family,-1
21.623531895184307,37.199648171287066,3.0945238100621073,2.2839708324566903,1134.514317769277,1.17860870207369,36.901290117772376,-121.73082168858676,5.0,townhouse,1976
3.479890078860026,16.799944295367915,6.324447943669444,1.4281643444814955,2278.483376029634,3.527749667525826,33.266864360137085,-123.98726262856042,2.8889942461455447,Condo,1965
11.649782986132143,47.12488035018212,2.706569469280206,0.1406896372511558,922.311975702009,8.977555871196731,39.21507909546981,-123.48141466780731,5.0,Condo,2005
21.095641532078744,30.566564690766196,8.29069642283125,3.9564540775866592,2215.0735105554772,1.9690062763991816,35.66622657421697,-116.56419139978344,5.0,SF,1966
10.63210372203416,31.36533608816338,5.369149064672839,2.578278083146625,561.3696833027934,2.833620920326785,39.76114884758056,-114.91060111526204,5.0,CONDO,2023
11.752149626113944,45.608969425469965,4.52416525331434,2.1423707845579343,821.12892487158,5.007060430726839,38.1095603322143,-123.07281891715913,5.0,Single Family,1966
10.522759893157978,42.03028760475498,2.076210622802363,1.036823463919334,830.3896509667535,4.5506270225079195,32.7832048265381,-123.28908225219288,5.0,Condo,2016
5.046138695365802,15.059522062549467,5.293101916332187,2.5593415392845107,1675.7855636954012,3.4076855468185068,37.159248773557465,-122.80011308940853,3.0241103124984092,SF,2016
2.8013472062142246,44.06417625480901,2.974567050472315,1.512487447750752,1122.267113202186,1.6492446024554452,41.093744405891485,-119.30805407237612,2.050056184720519,Condo,-1
7.146618216539004,16.46953646824806,10.47438130802086,1.4781650829999493,1829.149023164864,7.635755019842071,36.07576177310942,-119.78347055548866,5.0,Townhouse,1964
5.3677718027919985,35.08305443642722,1.4868644709565733,0.0319646312438796,5744.037946455203,0.3042411963722155,36.0171304747051,-118.06463634776958,3.2876515217432196,SF,1992
17.628990983129096,29.16960882745443,7.800969743312767,1.1082907983423669,1067.360673531791,0.9547242579313814,37.292023561027776,-114.51085712975905,5.0,SF,2009
10.322851647911447,5.76498046917651,7.779685754576896,1.4087306323614297,2387.767158232216,0.9502807284686898,39.6788898727375,-121.01539077056763,5.0,Condo,1969
2.9922009125200453,50.19270499575384,4.791147896148753,1.197348684386567,969.2950514374352,0.4534793719963041,36.741072613937185,-121.00462664536306,2.7611894324552515,single family,1976
6.473614201848749,28.89934693969306,13.476270126462271,0.1078308362543709,898.9871159759208,0.0117582253369551,33.86197495491944,-114.96112388298307,4.108458704775952,Condo,1999
2.773169697603264,29.01225904803219,2.5048372520568023,0.8526106639226323,1374.6761574421753,0.7263270634814807,40.796079427673895,-121.23198685813549,2.7725826468486816,single family,1987
6.949617543283437,5.367070648430019,3.515495545072723,0.6015635626649082,932.9228407854424,0.6499273062607587,37.5939785729502,-114.87327463112166,3.479758501652116,townhouse,2006
13.909572044699027,36.60351075085739,3.999090716027382,0.8362205806732002,2743.31795064915,0.7287128313421756,38.516897036787185,-117.238649888298,5.0,Condo,2005
4.5444444427300965,17.85561986374965,8.027557768195267,0.959766113740579,786.1208767373057,3.713467783634315,37.310116105940565,-118.84760611792042,3.404175395832717,Condo,1981
5.504812398550875,39.941200027632625,1.9099422404743251,0.4264879999872358,1432.9662891147111,1.1879827856151772,34.66240058553851,-116.42300453908024,3.7501345397090784,Condo,1980
8.996305721777686,39.18396509232433,8.380221181027911,1.4702553489434362,738.0383503954777,4.316728406726689,39.02551896250672,-118.06119798747925,N/A,townhouse,2021
7.491788838448374,9.82050522629037,6.393335857434549,0.6041091653160446,1505.752481354244,0.5516728830679034,38.83477990007992,-123.67707122973228,4.117026118427119,Townhouse,2006
4.386420355104511,5.760513261338715,4.594570834387646,0.341290630016482,348.03572929666444,5.273176898592718,40.56194767495049,-117.03922688332688,2.461440103558434,Condo,2015
8.22765636844701,4.135261334813744,11.457655867466537,2.329762906107327,1742.0319136517512,1.1404501318531115,40.89917898399351,-123.01491911804531,5.0,townhouse,1991
9.254066907302487,2.327531438357062,3.6089735692963303,0.268934375705578,938.9675272392248,1.4822916645472852,39.04517529270672,-123.92806486314127,4.357002727369535,Single Family,1991
11.474955861912868,36.683158429902534,8.238986791469403,0.280610078036401,1139.9624182650125,0.950819768037979,38.86227450275185,-118.51697538544865,5.0,Single Family,2010
5.153328886676028,13.615666359200327,4.771756050968887,0.1558148632754114,1201.9379375082583,0.1843050953837704,41.89378471355217,-121.2767491661242,2.71813117679639,CONDO,1995
9.385570025195094,27.736779762864305,5.004477405270145,0.5187203200773385,184.76291221224136,2.7395676816749246,33.407781106368205,-120.28095279408792,5.0,CONDO,1990
21.20366669860531,47.27070909422568,2.203077066078268,0.909528573686841,285.5080215608286,4.999297355249671,34.61147831888566,-118.51113995575489,5.0,Townhouse,1965
15.526277574873331,34.848546380600844,5.05944947047513,0.0670288474874927,636.5142897078618,2.359699267224572,36.353122065869925,-114.7921223961832,5.0,Single Family,2013
11.36217856458229,19.773366619722097,9.314512422645064,0.6204901320039512,898.0146231081724,3.5230385605640295,33.006274923806,-124.00653733004918,5.0,Single Family,1980
7.664953758053022,44.93778797964061,8.156569988491263,0.5265127097333536,164.0611457560746,1.357241142570543,35.30474441791511,-121.18070924108092,5.0,CONDO,1994
7.434148384775486,30.94222720494106,15.210619346430464,0.6869119376255217,993.6769948712836,2.5763269482681266,39.0733788109368,-116.47098030302892,5.0,single family,1973
4.4054078809426365,11.331115952023628,6.059325441270783,0.581617055193341,2005.4901042600695,1.5964848686694453,40.74733006126636,-123.21957945506897,2.6403698921754217,SF,1982
6.082534927503002,7.958094705753067,3.497758307349713,1.0776965656578914,1169.892788822901,1.587960998953365,39.0641135934046,-117.86987665299588,3.8640085040669616,Townhouse,2021
10.893611643847636,46.2720409907601,6.235397352192789,0.0858372233052189,2121.3628204453676,3.106668388578699,33.348708785323765,-120.83844116810432,5.0,single family,2001
12.24258717956057,17.913803228831124,5.538547360702147,0.591196312662446,703.200415380508,0.3535265142040658,40.932985525602795,-121.57006740377646,5.0,Townhouse,2021
10.797274341168803,10.212055308353406,6.729278883912011,0.366037781843993,735.169061801738,5.078688885449552,39.7871258064094,-116.7498537416484,5.0,CONDO,1983
11.648016689042416,6.379041551398284,1.333305959356284,0.6141198152857827,641.6205454929249,4.517992883177989,34.168422595248096,-121.71655531681672,5.0,single family,1989
4.2041209932674874,39.04394743540949,8.680101906461061,0.2379183211213835,1220.5707629722067,1.1476277250872715,36.2599052343272,-120.676837585266,2.974114287231035,Condo,1969
8.940157378346848,7.115817373304306,7.638440045565115,0.4120595014785844,693.1557417134165,2.1831790571007494,34.030238109397615,-121.76775050913534,N/A,CONDO,1964
6.325104991046108,4.454042755496183,8.875455112503955,1.6228136803920612,2344.1631986418843,2.482434444353153,32.71198825260971,-121.07879998255729,4.158299673248601,SF,2022
3.4310219058450557,22.62071832166103,6.116017461164276,0.294111534932526,2279.1239915574165,0.8689776392129358,41.78019343708233,-117.70590859987446,2.8951643233717688,SF,2020
5.001432610607401,47.64085760109153,43.202976794421545,1.6231031238610776,1142.594367806583,0.5132131530438406,38.13914993331283,-121.14839772428338,5.0,CONDO,2018
5.506884503325929,7.836007125721791,7.662678737792136,1.7881661012343957,1719.2833327688295,5.673727314951808,40.28773497072169,-122.59180106020465,4.250569789218584,Condo,2001
5.812930111054938,14.077457489329325,3.2044082768320323,0.9254439071356274,855.4071784968061,2.4108717384995675,36.05817779476443,-124.34910160704246,3.706945176977298,Single Family,1989
9.305362064211335,43.62792488552162,3.496992706108821,0.6173557387581113,529.5632686642729,1.9237947352256548,41.79730743136272,-118.43507844558071,4.997435137633103,Condo,1966
2.8518111541824545,7.378203805783744,1.2953751185433673,0.3849453086043548,2054.022625606915,1.8172933902890345,37.81476226215076,-120.99967838083948,1.4376514141340389,Condo,1965
5.865778292005871,43.782067939207224,3.3642689734400286,0.5820365506715179,1391.4573646380206,2.641673199668727,37.34003510337425,-116.90729581083106,3.7537021499409455,SF,1967
12.773096893491218,35.95245922290791,1.2004575630343306,0.5402583300970528,2454.9522069154323,1.6402463498591078,38.90592722915151,-123.57747959059633,5.0,Townhouse,2011
8.502385879174495,32.15395761074501,1.963275835862664,0.2169666363913209,1203.688849405846,1.857374110521096,35.19730863068003,-118.21998899149396,-999,single family,1985
3.1597285276446785,13.726796046602596,8.849196214483673,0.831890364851985,343.29761806856817,6.959769500876702,36.442804408902695,-118.82985021231686,1.7896763417470667,Townhouse,2018
4.636896613237012,45.64937566550989,18.19676112861105,0.1790168646294706,1423.85247095243,1.2655436381165703,41.49187043795656,-116.55091665128975,5.0,single family,1977
4.17753631103779,48.58703806126766,13.150483343817411,1.6103436722387794,331.62928140749597,4.314936841630556,36.57323851122097,-114.95752823050168,4.694276354662009,single family,1995
12.46030613463424,40.90943814815324,0.8393495467211435,3.278737202347042,1066.8704394321144,1.9670583283120375,38.06670559935039,-119.76490280473516,5.0,SF,1985
8.400837045615303,47.73476629664189,9.816024097957666,0.0828121361871303,2537.7073249053956,3.0219142363313125,36.00353422498626,-118.78342978977246,5.0,SF,1995
8.174708073778548,6.212105612126998,5.423714845800048,2.1641459078765375,2135.322670991977,4.416357174027577,39.39193404082896,-116.69869653301332,4.109657887894605,Townhouse,2000
6.730869634301113,1.0773174366739162,7.731037504754711,0.6093786952996014,338.74588499277365,0.0949620769230029,41.92874022017322,-114.75765836256956,4.740703745234853,SF,1963
10.643220989085233,9.22589733329661,12.307743010215995,0.5601736154703221,2557.5207441338766,1.701581968487644,38.221362495551034,-119.67141299198552,5.0,Single Family,2013
4.3783278153202785,19.527622980590024,3.0472697345545994,0.6066569588005446,1613.3314801598008,2.0230217386125737,35.302341212781634,-117.91610370086028,2.2398542723461374,Townhouse,2019
5.896253180166018,5.90742080797635,4.6225352761980325,1.451182719681961,533.4788181156378,2.507227736828373,40.626799670836135,-115.54633165095804,2.9820091373270743,Single Family,1972
4.9231472841660056,11.8713444805242,8.40544042636092,0.5364161490587505,804.3420860176054,0.2688456564864248,33.39474968325919,-117.4619903936555,3.3281555726217995,single family,2014
12.977527616527794,13.38155587050306,4.411912737919312,0.5485421520961036,2588.7943810653373,0.793412920782691,41.95759076868641,-115.24763435658934,5.0,Condo,1983
4.5689425499468355,46.45961693288742,2.837804154918787,2.503615386210018,2214.0228167184864,0.9633895629803848,38.71591665354191,-122.06542511098912,2.7670556123616867,Condo,2014
13.330625176222776,8.841527663149806,9.806439117510171,1.6090376859746465,2175.599378354321,3.8566862560367614,32.91205141379761,-123.65929358839422,5.0,Condo,1990
12.555302054391577,30.35749393509479,6.170141844778703,0.8848116956693609,696.8681730822362,1.4000165854559328,34.54512272293801,-119.6806391137169,5.0,single family,2022
8.17230783422973,11.799387121054846,8.980829751564285,0.6308400968103947,800.4465646166905,2.427833397460636,37.878231322968574,-116.60589932003904,5.0,townhouse,1981
5.708202864800836,25.79074975484948,2.0081196978584104,0.4035997657403313,2662.100401333095,1.8909378849438967,38.26116915507584,-118.80853122576076,3.1873844838195424,Condo,1999
1.5782342463036612,40.85990471037154,0.9937745357075504,0.2770531685537896,1363.5237861029711,5.317385042622864,40.49259502778819,-119.78716476912898,0.6968525108490424,single family,1977
10.872006399998424,6.827711975652805,4.864279725755892,1.3272562550483458,1244.4146674240012,2.6148601002025593,38.449586471976026,-121.60664592440344,5.0,SF,2023
9.308168316633743,45.42659500961055,8.986844090145789,1.6685493786231176,1783.339562406042,0.1795969976857077,33.42437753958595,-118.5256434025387,5.0,CONDO,1993
4.632005483376666,13.170576227319302,10.223634532412254,0.3020036884982842,1378.0332216555894,0.5746225750295267,41.688437692529014,-116.28333487965772,N/A,townhouse,1982
6.828214641352076,34.16344866504549,4.473210474586099,0.7554869318500641,2862.319209544677,3.3628257608701815,38.64900374283648,-120.405055433993,N/A,Townhouse,1998
10.904310188493746,46.016540263542296,1.9776266032341816,0.639031220269922,1266.8895900110992,4.251264847149127,32.81383155503942,-120.17559739212192,5.0,single family,2006
7.666409375145296,50.342453116967576,1.6943946705935509,0.9261667084603346,955.2730823275688,1.5784202001713734,36.640416587340894,-123.85337040973684,4.516101211228319,Single Family,1996
1.3181079010071777,51.45296046045965,8.213499201102561,1.143571763104872,1833.8835721711744,0.1187012436794586,39.33720304519387,-123.49237164747666,1.7177099920339034,single family,2017
6.64560300622314,27.317284155070904,1.8653205446031156,0.3092347326949359,867.4290854858508,0.7520337003462806,34.81459505860548,-121.33418809118116,3.035557732118862,CONDO,2006
2.0531144178566487,10.237903354813628,6.718215238485141,0.970711809364972,832.0146685430235,4.767844059061657,38.978487491945565,-118.85957427856694,2.5050817739641036,SF,1960
14.0414980848505,19.051172741553337,3.3899500927937725,0.560770440281347,1663.4167265852916,3.074670377887031,32.5104730791151,-121.334417992948,5.0,Single Family,2018
9.739459082590484,34.88595530748279,6.092172133586533,2.4634247612398608,1667.0463423379058,0.4883447258224925,37.99956959329655,-120.5277671227289,5.0,Townhouse,2001
16.40303440015118,28.094230415777997,3.005399181949652,1.4499168221116934,1108.0424006017613,3.3354103551918413,40.30292913335596,-123.25475521411946,5.0,single family,1979
14.426350258397694,29.216124301407497,3.1483554451906017,2.8166409899980853,2042.4006575518724,2.1952115763373423,33.79243874787407,-122.87014388656436,5.0,SF,2006
2.9017720139005023,17.18269153201005,2.9941874143950615,0.2271534338245664,2507.568373717567,1.948412853221999,40.55645274591615,-114.31792832841572,N/A,CONDO,1984
13.455366342732969,42.81415923717259,5.928097262433503,0.1310087671520777,1777.8236957800011,0.5539294568535034,34.93112191421113,-124.3523669553022,5.0,CONDO,1965
16.420810664433024,50.1084648463929,2.390151515604416,1.8470793282509137,1418.584419640908,7.602632203505577,39.89221004524688,-116.0508386645072,5.0,CONDO,2011
6.799630728100787,24.969444848344956,7.996214669180982,0.1517591092266678,2231.759374037823,3.8196063260690383,35.05850092462668,-117.72312728825064,5.0,Condo,-1
9.653551743209675,1.6074800829335325,5.7680589833172915,0.5855697365614903,1125.2129465926218,3.6620118047815424,37.14154287171199,-122.71680871166772,5.0,Condo,1979
9.692961964498728,51.56052136005248,8.511902523701655,2.977976226800317,968.9832105644904,2.6052824172168316,39.812893587755134,-122.7210933893958,5.0,single family,1968
8.451813674183981,7.1478214941715414,4.537545382321325,1.1260351938010789,252.715432913711,1.58442311845047,39.64660458678473,-118.09484818481928,4.553282505059871,CONDO,-1
6.238602909412945,15.18437134928946,8.808231567630246,0.1664603625485265,2530.6434946595587,0.2214449638035446,34.17019966458862,-120.10540786663276,4.4699499473410915,Townhouse,2007
14.52401690085238,46.094565410002346,3.661542862176608,0.1988571000318132,578.5032660607461,0.0065817392281433,32.97729606205337,-121.58035050042676,5.0,Single Family,2008
9.221831347758702,44.621924495690216,4.190712916725158,1.1072700094678436,860.9646482985328,9.152312776016007,34.25807186832511,-115.28152968230764,-999,Townhouse,1977
6.510622478351427,38.38294320894203,2.6441285712000955,0.9806647719910274,1171.8440929520718,1.4168839599961671,36.03654107699465,-118.49095279336473,3.265661978533028,townhouse,1999
7.451482003653381,29.255199369983757,6.4789420542712755,0.3330813340498703,1190.9040689459237,0.2767303434246391,37.66596709256222,-118.29841743644609,3.391646615151224,townhouse,1962
9.540136354935964,34.22217738853166,3.206788482082498,1.2189613938228954,1035.472334179821,1.188002887188368,38.00269104855483,-120.31609672785925,5.0,townhouse,1995
3.932714368448019,17.77559768171513,1.524157316368382,0.701171190860859,169.59124149743005,2.5252336708723515,38.018765993196496,-123.06325068522236,1.5653863031031254,CONDO,1965
5.657213548076845,50.40006785392675,5.091533346005736,0.7743554067229511,977.6970836925798,4.629757385541787,34.695676248604784,-116.47783698683988,3.2977280534723734,Townhouse,2003
13.519772417143717,38.95271832297839,1.3673585785966744,1.2245779660811458,645.032838356658,3.009921115147418,39.44756142648572,-124.0517741090231,5.0,Single Family,1997
15.07921024850734,18.77934024447446,7.370036815528494,0.1467386714817967,604.9251926368846,0.8188617527989724,32.97683256069311,-118.1145048321466,5.0,Single Family,1960
7.219170052766427,47.46805661872245,0.3900281304702932,0.1989292708947603,1515.4679450579035,1.4024463226308366,33.776519172485855,-122.04411342470108,3.6843611347881464,townhouse,1978
9.445668609668994,50.44621605639696,14.196428413364432,3.128388570979011,697.1283751783076,0.5460416142763795,40.97534786373043,-119.98898289716894,5.0,Single Family,1997
9.660286865961044,34.59640218577682,8.037443781095922,0.9645639093452504,786.8495854940617,5.613708427457181,38.1102407034554,-114.60618009738354,5.0,townhouse,1987
6.321052859019282,51.37247081823765,5.914983935817381,0.1759772297154562,756.3622221269555,5.764299496219444,35.53977089052839,-121.99735878025606,5.0,single family,2006
10.84190542296275,33.87081504809487,5.000736869224913,0.2931958928540338,1032.5494531704285,2.050746477356267,41.132817049520774,-115.97101355933285,5.0,Single Family,1968
10.256038519520857,3.364169582965025,8.554826169722197,1.2363222443416204,461.5203329732791,1.5618431104099664,36.93282408123314,-118.25139709138396,5.0,townhouse,2006
2.2346965728495514,4.990358916157791,3.2169677848924993,0.2458768310564114,1456.679424399422,0.2550223300841316,36.041822130636376,-121.88864211107104,1.210472753992458,townhouse,2022
9.548131445526934,20.062558760254912,4.614642380341487,0.5477137197778373,429.3702155183111,4.780889936204775,36.01493607305901,-117.82268812826486,4.513065248951032,CONDO,1969
7.887226937030917,40.43714524282126,1.158740368897432,1.6911038894967567,1128.5359201224885,0.1080177227372006,38.47620564612384,-115.97337402171706,4.7713785459516584,Condo,1983
3.374128699578099,11.59274778148295,10.69727201240737,0.8442830026354599,617.609994386565,3.682713006390132,35.91408656224546,-115.6771371921998,1.810663958592704,SF,1985
11.906007679265704,3.854489259455364,1.1213642453259558,0.023836856468844,2816.5595797168353,1.9419730272837168,34.61876132973864,-116.35719750358273,5.0,Townhouse,1967
6.224676430333815,3.997650941744009,5.850193808714434,0.9725370535994332,466.50674583616336,1.3295578538350072,40.78235204900107,-122.90048701294414,3.435483527712435,CONDO,1964
5.307311871213651,20.876931915014957,1.4587080409840112,0.4018701500669614,260.26375171274736,0.2774340517273593,39.83543320910748,-115.21961361397244,2.6966939669252024,Townhouse,1972
3.2482027984573443,20.305013304461554,4.175999170616158,0.3271434833481821,713.3158607782409,2.9350188821348873,33.27324897943369,-115.4910003831106,1.9159830639852355,Single Family,1981
2.1963784730814475,18.643125041987744,2.2123886984668126,1.656808346803845,974.4063311534107,0.615117040352025,37.06896122855669,-122.69383757571356,1.6998261786950963,single family,1993
6.544370406462962,10.00276285930668,4.2992739139423986,0.8305010829136711,1579.3181140939218,1.7334045558772115,37.87729190430498,-123.77217432928948,3.637496214770885,SF,-1
6.67246597961016,29.482381440744447,8.412136334462643,0.4541904342969605,2262.7671214277884,1.9239065654602567,40.99022967650686,-123.97734455245752,-999,SF,1982
10.373879910417498,15.312631431980847,5.154773053716395,1.3233833101369834,875.8347168526436,0.8214723064360061,41.91964246646014,-123.4004571691916,5.0,SF,2000
7.516358299874673,41.610093302273896,6.013831301910393,2.263676140443315,14453.692494911173,1.620573857585359,34.13433952644564,-122.60461020373334,4.738823057937602,SF,2007
11.585587036118854,11.642572211584609,4.0284969265048565,0.3260971336899745,845.282874075023,1.2567624959064134,40.086814014911575,-116.24050644298394,5.0,Condo,1980
26.55500953119297,15.787292046002772,3.989928415436628,0.9153998029201488,1789.09912360752,0.8310750710666253,32.655117230503755,-120.76702085634308,5.0,SF,1962
5.895900782662472,46.98531194183672,2.6800653458301222,0.043936636523549,605.0185662577826,2.5392196475378763,38.41047454786106,-123.35340187973516,3.3785224782287013,townhouse,1967
9.358067531601318,7.982854937603508,1.724755317888747,3.0400297023522262,1017.2992110156066,10.272492296871192,36.2305944538095,-119.87980919208567,4.256951831985081,single family,2005
10.741667823235726,38.213991896515864,7.97560226235332,1.1578801921821336,1998.3987923426607,1.028479199683849,35.89949189267727,-120.2414651863591,5.0,Single Family,2009
6.107595650578448,45.20160284379622,3.804463270364133,0.7151866510079904,598.7204987470893,0.3991904448032218,33.15028103068769,-117.67193343136913,3.8162249951204377,CONDO,2021
6.829781985033416,30.80784308206485,3.7829189987382392,0.9626976894672744,1235.2023932225495,5.407694172782657,41.17452758246188,-119.44004828944158,3.89936585693421,single family,1998
15.59467637691413,7.400734399498962,7.195208166164831,0.5429854628157468,590.8405932461764,0.8436170572101401,38.35920057782711,-118.7222043471082,5.0,Townhouse,2010
5.311984576987587,26.086167392889063,1.0669392345041924,0.2855088217664108,999.8657696129784,3.056550335935707,37.85856673486025,-114.64899345179803,1.9915802556426556,townhouse,1998
11.1469514602799,37.72170674432784,31.302653616240654,1.957636508858103,1071.0177190794557,0.7044907092798748,37.39980229021344,-118.71576702259668,5.0,townhouse,1981
5.615684363793197,33.43566362143675,2.965298238397114,1.4168981860467391,1305.4365356581195,1.4809276666587374,39.881302649015325,-122.92624773813858,3.8433770748008658,Townhouse,2004
10.049601225936426,19.038223118119795,2.6114226641763105,0.9653187990848252,13261.733005285194,0.0637620636890289,35.948130706487596,-116.5887655730169,5.0,single family,1970
15.573306785277108,33.97031744718746,1.182482698437823,0.7969876256325674,403.63976198777493,1.6376721612412384,38.31573831501548,-123.9683358893084,5.0,SF,1982
8.406995528971388,19.95228641401972,4.822634842111106,1.3069411699145268,1309.5536176166,0.4672126933879678,39.56453441120827,-117.945948974264,4.593667943671221,Single Family,2008
3.1490706100585766,3.775237321933111,1.7054901503279982,3.9727117547288344,1378.9456199878466,2.7824994862184123,40.9677626645885,-124.28712677632431,1.875501113350644,Condo,1975
11.565356153982949,17.47220763603908,30.81297378613657,0.4262853237043318,1731.857991720426,2.080782268502913,32.83120080849977,-119.01684598416222,5.0,single family,2011
2.939749939155875,48.33208008137047,9.78417836712237,0.3363685470628414,861.9786140106963,1.3949491103140164,38.85948705323759,-120.15318163069986,2.6388448117796055,Condo,2019
5.373666823001164,37.14456515942811,2.7536433012815533,0.3419078542299951,526.1467469471876,1.6600970369792365,33.493103532065874,-119.13733502127776,3.1196126306162055,townhouse,2010
10.869639262801828,26.826888359440407,4.1384734302402455,0.0032527700629409,1835.5622866682177,0.8401761100598879,36.61631309549148,-122.5089029761326,5.0,Townhouse,1987
5.4768735090802965,12.945007998256738,1.9903696344239816,0.4091586063226619,734.1481003994604,0.3568697830878192,37.40415018360714,-123.59231312544804,3.127933333791235,Condo,1994
12.809978445165983,47.4263423621647,7.803115316682426,0.2348359529079652,699.398302015275,3.7781264002399535,41.590405087460894,-116.1200976342996,5.0,townhouse,2001
12.167026429216444,22.563075773250464,3.2777542635264276,1.0454392323131294,1974.849931961886,0.5638814567155641,36.23047288803612,-121.58894287388816,5.0,townhouse,1988
8.144494513277007,4.9099888387568384,14.41995044982272,0.5030274994071653,936.0866635687888,1.185630787495836,34.91765366696313,-115.8959937718301,5.0,Townhouse,2018
9.96391185826658,40.52856954590087,1.4631018635591473,0.1754061850470507,320.9221175049107,3.304015372360633,40.64712621022898,-123.9619529525566,5.0,Condo,2015
4.570157367953646,37.360956736229845,4.01785774591995,0.7676182476676963,956.4335193135536,3.3198186970754926,39.29531190408927,-122.80677263888572,2.3256757159274555,Townhouse,1997
6.90299575593989,11.744806877849085,3.2684591001355807,0.8223741969274984,659.5423926554258,0.3891481145509877,34.72938615164895,-115.38861954022376,5.0,single family,1965
10.98899714837781,18.515930833632677,2.5339315839055594,1.900508083731926,3303.235377493853,1.1438167764642042,33.923772420586346,-117.58520420357442,-999,Townhouse,2008
11.797102015669708,43.2750648530951,2.6040785026628,0.5168088671443237,1535.7813082578848,1.5490718884133408,38.37226095800246,-122.2800396718252,5.0,single family,1973
14.87984979687208,18.42003042517999,2.702499341649474,2.4049818805380263,1050.656851120072,0.5677065373936132,35.80764942357035,-123.3963425157238,5.0,single family,1988
25.194439814119065,48.87470299218368,4.1201086499211295,1.7662684999421885,1183.888547710209,1.6489007184317863,39.436318105195085,-121.86598797520466,5.0,Condo,2008
7.375322157482355,9.047870706825366,7.889595423751817,1.9328813886724536,1673.8126090162652,6.843270951590242,34.88296676455633,-114.3638469734353,4.4289356073717165,Townhouse,2021
2.321058873255426,29.29659693120984,5.183977726296306,1.2927014137727393,548.8965162450118,5.064892669682407,41.704358151266064,-120.36627603982194,1.8042403610184543,single family,1987
1.6277125580439706,29.389814793859184,8.083762070320219,0.5606925527954388,1291.4392507731188,2.0871965770524405,41.59796552917589,-116.78409766193762,2.1952782340350594,single family,1969
5.011876105267832,22.536898715873935,6.880711232222834,0.5523328558628904,915.2900724919184,6.271045704964571,36.66738647219748,-116.94993487914049,3.631910331605543,Townhouse,2005
13.197005038346711,15.115386194051135,13.053218183098451,1.7441480152374278,584.3230044525176,2.891117816690032,38.44238154615347,-121.18726101643456,5.0,Townhouse,2006
12.38540442520985,33.740068321213286,2.9573328128931067,0.692224955551726,815.7463375218526,0.3693492215683139,34.28421810919685,-119.4582313130116,5.0,townhouse,1963
0.8378949733304882,13.939265724980018,3.9496927350126905,0.5422816258716813,365.86271391707754,2.0063797570112474,32.51286331701318,-116.37144298911907,0.88377048331529,SF,1983
7.634544956266025,11.039195272078432,3.4347654123949627,0.7776101983234852,14105.864803131091,0.5038685333685552,33.648661758884394,-120.09000117325051,3.668288652151804,Townhouse,1961
3.5113541293857065,41.05080196528091,10.111443949581467,0.9131464916372488,935.8378539459226,2.328447324658531,40.88022593324932,-118.4201728996286,3.2218060024369324,single family,2005
6.590833637668293,21.906003322771326,1.7893171201985067,0.2061522942463297,622.1873661517518,0.8011751978296776,39.532911713584795,-115.86314863129796,4.057473423857949,Townhouse,2023
6.340196941347022,50.51358392046677,2.162458647894938,2.3511364225806672,1138.444675834822,0.6733093941660357,33.49319182549083,-119.85318323444692,3.37666686309783,Single Family,2018
7.3462546620329325,6.606773063463189,2.8831350376598306,0.5226013718737829,568.4075992135495,1.3235650530696528,38.75032555737669,-121.56874108094291,4.33954593631489,townhouse,1988
4.009596908818243,15.872130223736017,1.4223254479691083,1.884785664818468,982.3859436708264,5.175707391994146,39.24946702776302,-114.94065674321396,2.709779217048343,Single Family,1984
5.416407658222767,5.388323823884332,3.920356944683297,0.8610248059951092,453.73374603607,0.9390686964072584,35.50984055814134,-114.86694780591624,2.9726463545546227,townhouse,1990
6.468603797913133,8.942313468516776,1.9818011144038847,0.5018991409338778,585.6267289662442,0.7316116725614221,37.58894929145938,-114.86311075905068,4.175060253884846,CONDO,2006
5.583543652655863,17.481119375112403,0.254380708601855,0.2590102910053372,1252.889537567783,1.821324415784787,37.071607437386355,-115.61534376635736,3.218291866096111,SF,2010
2.956535888163524,16.85603414344079,6.924249005970879,1.1468209695797678,894.7500504336628,0.412010198071235,36.215218417404785,-123.65043350525788,2.1855866470411054,Condo,-1
12.208466638062696,24.143513445910695,7.511228005293354,0.5676250769067323,1485.0183446076132,1.1460838436277143,40.43845546128679,-121.08357277216508,5.0,Single Family,1974
7.293758485079447,31.208201475247233,11.273176652149829,0.2827323235184861,1605.2999632055871,2.8833441157228905,36.61603304117785,-117.0373963362218,N/A,CONDO,1997
18.351020916463227,9.62279953048595,6.638953015224207,0.7019008225921807,1000.66579729987,2.7847033264035277,39.57777476844048,-118.09088326327824,5.0,townhouse,1992
3.265545930340225,2.466353208200354,1.3426781264017225,0.133167103919732,1402.9852151403788,0.9855302287609252,36.32697583258278,-121.0876477148322,1.927288673293755,SF,2009
4.187667298189994,37.680552514952346,1.6246764170981238,0.8005247314261597,2050.964323914475,0.2905826796182438,39.83841144450557,-118.60833013019004,2.217014711642681,SF,2008
15.311584823126005,14.559947052432026,3.6465820420620183,0.5733397387024095,2324.5084319818043,4.132598557428551,41.24433140442443,-117.78931898522708,5.0,Townhouse,-1
5.121508653635002,39.53442626583925,1.0659666442471574,2.0201128601156624,1333.9917513069047,1.781611067022467,34.09782341252286,-123.53302718993368,3.5120046870597976,townhouse,1999
4.61186149511738,5.03872429924344,4.14315110749783,1.7959484388125804,462.4034030959976,2.74302930547778,36.99213599822799,-122.963789802447,1.996410367735682,single family,1975
8.8229155382411,9.402588769714784,2.753530119703234,0.0160481602938249,474.68720137309407,3.8803825569333608,33.10708102174891,-123.268318989625,4.363753171045727,Single Family,1997
12.817603559402336,22.8499243246608,1.973894098966825,0.1346155027555669,502.18976015082825,1.6448654398959548,36.80782695626554,-118.969597893458,5.0,Single Family,2003
6.223959309977676,47.99055962190217,1.5711389325927905,1.222805086662915,861.9235201915064,1.419891611498909,32.972662501915266,-123.2219315411547,3.886828375163873,SF,2000
7.87221626308116,40.575504621472376,1.409719892427835,0.9580093679728812,1253.289624937044,3.638882082046931,33.183470890300434,-116.31240375846204,4.868839342281884,townhouse,1993
12.729819269278536,17.729631178099485,0.806341096062873,3.621107596569572,408.1231597932447,7.398839030852622,38.45978178901901,-118.21690651692542,5.0,Townhouse,2022
6.627688824722248,11.32242750257635,3.935930051634589,0.0467819133760243,1224.1837045434495,4.844893562455399,39.1125783650454,-120.06452530176922,3.2070382389577587,townhouse,1965
8.375425794046963,22.030805016612753,8.013293691655388,1.0899371198681245,456.45741835970625,1.175844342143966,38.91833565915437,-123.82428287574942,5.0,Townhouse,1998
10.631511016368105,33.884995499146584,3.8369530775614256,0.0512523382675709,201.54558986900523,0.3359702543146922,35.62317977166283,-120.71782987132666,5.0,townhouse,1999
6.2813730793792315,46.33323547723859,10.090122879573707,0.8106104381768361,1472.74766744717,7.415341820734193,39.005057826436875,-115.71700544304112,4.730373043719373,Townhouse,2008
4.76911357384536,37.82051104838776,12.94279769821946,0.950401130097724,1601.2883706686605,0.2671490353431996,33.172453597829,-121.1776704257978,4.8987017392741246,CONDO,-1
9.5865331082539,1.5441801622423856,1.4281524900939244,0.4973829917035746,2235.7399786807364,1.173915391707384,35.62248804369619,-116.68450948097924,5.0,single family,2012
8.604159441609216,36.510716295356005,4.13074620187567,1.0044915573292386,811.8322634969518,4.015248247271596,33.5316435271895,-119.12630862751288,3.879131296999998,single family,2009
4.220652886449711,42.96337010315938,3.5435147179568323,1.3745700699497696,109.17151958190148,3.00215444903846,38.73241559593195,-117.2335284933054,-999,Townhouse,1980
12.39856849462685,40.29145758844347,16.645256652720988,1.1746728213882909,2398.9483142483255,0.2345559160188413,35.10093683531284,-118.6802449583709,5.0,townhouse,1994
20.489497992871488,23.4445356478519,2.999042464347889,0.2247550989593321,888.8789623481077,0.4901943217659991,41.13933501102069,-119.30815392790991,5.0,Condo,2006
5.59538732167088,49.01601197324815,9.965920813915211,0.1138081236975087,1164.289206696649,2.370790300910454,36.49257955212477,-114.72729338921457,3.350797224525897,SF,1988
5.673394560399974,48.285711047215365,2.7490293590230435,0.2941805079139034,1473.0426277329286,1.2574533044634033,32.65940522266974,-118.79523141691728,3.836736884001979,townhouse,-1
7.332829025040532,9.335096230420715,6.624806163202207,2.820228879090898,466.3065308417959,3.3087252577625272,35.83687845453703,-114.93194736721726,3.78981361323663,CONDO,1961
11.093720686137956,30.349161516285516,1.1973796695846497,0.8947145850418048,4573.374375553582,20.44370985598993,35.88556667960748,-115.11961931634848,5.0,SF,1992
10.228985931824464,51.4822619896983,6.748264338660319,0.8998703514972257,1132.4374852084009,2.7823855626051315,38.532777052386415,-121.09998786417884,5.0,Townhouse,1985
3.5236910510391946,26.209309431013423,2.4889918336065295,0.2948994070613767,879.4037487573208,0.9424474616109244,36.43086472620634,-120.31108503053116,2.1734862816979437,single family,2003
9.360913133713924,2.3661072098864535,1.3480246651154455,2.0706532378725813,1188.8264365104085,0.3067182088714889,38.966538792450464,-122.97464660017098,4.374301124958543,townhouse,1991
11.53358722446299,12.370918134219544,4.987320094579107,1.286017424405261,576.277986077628,1.636273147345644,38.247496743326224,-119.23981914782696,5.0,townhouse,1977
6.723632609970316,10.616553175217884,1.9647564141324168,0.9235449327881916,1797.2729037565798,3.1759109868740887,36.07464086886434,-124.13286724932856,3.7621341894348577,Single Family,1993
7.979520969785169,28.017594835438477,8.852277779393463,0.460755191483619,688.1318786809371,1.9172760825392503,36.61791113880487,-122.37322217502742,5.0,Condo,1989
6.50966432894989,43.86942245257217,1.7384657401308974,0.507752463400109,3218.872515055446,2.353706184042323,40.87621080490389,-116.40885459468814,4.1487295137390285,single family,2003
3.9826684797912058,20.24506569378332,7.914033554248552,0.203494072603555,686.6033017462588,7.065435137250252,38.479940805959664,-122.57685177422388,2.6882563204160124,Condo,1982
5.615228961170434,24.32408784322243,1.3497290255116807,1.379968388723655,614.6346449818633,2.1006250680084695,36.335311177389315,-120.22127842797096,2.802821742366516,Single Family,2007
6.19837722272506,7.506278868518868,5.837620115873359,0.9145304628726784,943.2774675671842,0.262670575444447,37.612592624792946,-122.14958391079033,3.630094314603988,Single Family,2014
13.99032138114571,8.351961634800023,2.6856291202715172,0.8162142725923086,2089.4648046636617,4.638474271112967,34.86659259301018,-122.27847573340728,5.0,townhouse,1979
5.036463122205642,29.23427327242184,5.72343087111943,0.3765683253293882,679.4653015117872,3.191343544931633,37.95430940007807,-116.1308613073269,3.7597365448331255,townhouse,2005
3.801409602513156,51.684332047121345,5.595948988017635,1.2535979412129603,687.5583884421991,5.990324050999263,38.438542701972146,-119.80988356398788,2.9736418241417626,Townhouse,2022
8.513855933735181,51.72229833076407,6.364465211403431,0.1575961901276559,1508.3157314673635,1.192078731059667,41.47808476846714,-118.435690678875,4.929585413403207,townhouse,2017
10.335710127743017,41.63736756911044,7.243447884251992,0.2638534329034842,2441.985217602268,4.151781521042163,39.337721561303105,-117.58094993800825,5.0,Townhouse,1982
5.858205553214053,29.539157614656787,1.922039113943614,1.0028227909755156,2437.1867440897818,2.0716194011556097,40.94404879286478,-118.42055938347164,N/A,single family,1999
4.251057907278796,36.10618500701981,6.428603361988706,0.4831795907032839,211.90268298036824,1.0934382633499649,36.081125537470456,-120.33098788479116,2.421398483116642,CONDO,2023
6.064190126809333,5.686453406795948,3.4415693915104857,0.2959685079634054,937.2462812350032,2.708742804033665,40.49804964987031,-114.48489372969048,3.644114043988979,Condo,1967
7.184442306251374,3.015537258421591,1.5711260923814914,2.3418727940294746,194.92947315549725,3.6688005257706657,36.836049779059294,-123.27582097941443,4.086103143291522,SF,1973
11.07111451091135,37.670875992734,6.559413608537339,0.3919698963627993,565.7593383495296,2.692771116580352,41.93408553927434,-120.98390167435711,N/A,SF,2019
2.2384474479926415,5.928606056614278,2.9842639749035347,0.4472045619939568,2069.9410614070944,1.7361374580473248,32.57814837414101,-123.22623658234104,1.1777495478853377,Townhouse,1982
1.9420583227001975,29.94338661508374,2.1582799432644246,1.6420578667334282,536.1269217850289,2.5651291544470385,34.92404829978984,-123.90923502122055,1.3836077608767403,Single Family,-1
5.534388837549815,46.509576399630106,7.472993127485803,0.9258164646457224,764.0988216223708,0.5165238001347229,34.886615617054915,-121.7122908640998,3.730567296885942,townhouse,1973
9.560067203492826,13.368512813464502,3.829375652698797,0.1368015047973255,640.0850484791055,1.3490460509419286,40.83953576907564,-116.8114260033988,5.0,SF,1961
4.156152232740196,35.498919805231544,5.975121582701628,0.2302179065585706,620.999235888816,1.1438927579315614,33.34382842510747,-121.67622050445205,2.9830107029188904,Condo,2017
5.267907437610232,17.044398244607986,4.0052811673468,1.552314220506573,1425.932283382689,7.402069206083322,37.09143617684046,-118.77335757251838,3.6759440200010394,SF,1963
4.204759344413222,21.621737301023213,8.3098079205172,2.2547266142048135,176.75081432795673,1.419951766991883,36.72396187426376,-118.54394759575835,3.5542267194391655,townhouse,1983
5.991668333337793,49.11602714210355,3.475457925900748,3.296600620812561,555.6947331748758,1.180901169537995,41.45945082531043,-116.307110037811,4.198135034749049,townhouse,2010
7.996659113009942,46.92863318511676,16.900476762151225,1.5693613512891926,1218.542326232642,0.607537797314229,35.314718583346504,-120.79064298299046,5.0,Single Family,1995
5.10900165609471,14.354812102665369,4.14131456488137,1.0920379440349497,1157.9348834474224,0.8820164834444306,34.02209068896508,-122.40990530428763,2.937579707966303,SF,1968
3.544660783091468,19.994088634563173,1.2684374777239076,2.214297207319498,1058.598333280065,5.164955648911599,35.097024098163345,-117.0646408229466,0.7945683821725316,single family,1975
3.911622122228678,36.246994165217835,4.8500300010308806,0.5552574676726391,1175.9672268709346,0.4311121828902269,38.55203716535248,-114.39582139850168,3.607091423600587,Single Family,1991
13.947696244166105,12.446500940687455,5.12564054910087,1.1711930824071846,1489.2251512006555,3.511133899069037,41.95601077757363,-123.2090585558298,5.0,townhouse,1991
10.21573376357478,44.42465380846697,1.3315609304286051,2.2256111871233366,810.1384486745228,6.250958668777703,40.027807420639455,-122.08330045912427,5.0,Condo,1986
3.959391016695715,51.101659750536264,1.603384515902121,0.2013168520015871,626.2374257408951,0.931393837991748,36.96868231177902,-122.85912926081532,2.8865077518229443,single family,1974
7.218044142759266,12.38073995141526,5.111970328242742,1.0066030268219244,1592.217895110403,1.8019940800405885,34.56350553779926,-119.34984111946696,4.650260903664346,Condo,2008
4.637011399716337,19.541790228828912,0.7820781174913586,2.4717132437988836,556.0539169249893,1.2425740934712262,41.468184308546505,-115.1948071392766,3.0642647326916626,Single Family,-1
5.105044605336405,32.582216493759255,4.875125140575903,0.5521922139125757,1844.9575140527547,2.3770030104651263,36.498137829927614,-117.17722674745706,-999,SF,1995
12.02054113410794,38.36419226204397,7.305337001102632,0.7309254660579393,191.38640700452697,5.771663995929862,36.36865652232023,-115.40847084271016,5.0,Condo,2017
5.080380968251512,26.70557688462516,12.70148773080923,1.1445870975632582,797.7279655368808,4.798268558953463,39.0483881593513,-118.3141497377771,4.161724688291923,townhouse,1984
9.225085103930583,42.02319461891621,5.472334163630685,2.2978359879495915,1024.8434884736896,6.63502507805237,38.645172519552666,-115.61270785279665,5.0,Townhouse,1974
7.628375542023554,48.363708024937175,10.240371902134068,1.085154477923834,689.5044582027105,0.9938917428085212,32.55133598186804,-119.61662513044138,5.0,townhouse,2019
9.782091327207423,38.98205943259397,3.0597896414430443,0.4794855426829354,997.9073120160556,3.1209925437863903,40.750095668366306,-118.46149895851224,5.0,Condo,1971
6.0249737131738605,1.7701062259020106,4.379597718500919,0.0809278195351847,1387.435117098972,2.02214777460781,34.26038758964457,-117.1070082824198,N/A,CONDO,1966
13.46111445613848,34.05621185342087,3.9899010835982702,1.842719824487948,920.2561861362668,0.6557575533112263,39.76836800487385,-114.88839795489037,5.0,townhouse,1995
10.648444999210966,10.266559271735623,1.907591626656276,0.9949400028310992,521.4314453295773,0.9887158101567984,41.173182711222864,-120.25081882288542,5.0,Single Family,1983
13.833799986334416,7.090323436650408,2.091799684445102,0.4831078571448903,562.0883685127742,1.8952328397821845,36.71954579265845,-122.21795984573562,5.0,Townhouse,1965
8.169945381401114,20.098376792388976,7.20948601456305,0.2187145917927737,1360.579120709074,3.612484402534528,35.2403248661523,-121.21133033922568,4.0125867057600155,Townhouse,2007
8.963509534026775,20.877259494797233,9.23569711135552,1.2312067827473547,531.900911529588,2.251510310024844,33.83246462940094,-114.7702733512068,4.913534400750141,Single Family,2000
5.280878842500158,20.03258257107952,7.655013667825243,1.0863824641755264,469.37253236023696,0.2727479547410735,38.76419378408222,-120.9611630941526,3.700494045578084,Single Family,2019
12.899127964914276,37.48905821304519,3.162757311195375,0.9875606432123868,377.6372655437326,3.4632121583267272,39.2633249365677,-122.95845711076775,5.0,Condo,2004
7.4150992957498385,9.777994254732372,6.625065792961624,0.4021669607159759,434.0874417919371,0.6480900309587202,35.281119680189136,-122.15509229442348,5.0,single family,1990
12.4692691429605,45.3095099627584,3.512910410811463,0.5164907051519201,1921.9552627521543,3.5998132431798116,39.915471473551406,-120.83818740941732,5.0,Single Family,1980
13.02370659404806,38.74719947477458,4.617554904534821,1.657686012143749,1502.3085044755285,1.1996585997000446,38.93662733611209,-124.1491882279321,5.0,SF,2019
6.203198543810618,31.64844023238323,2.007183179164145,1.3916459356526554,487.4774936374285,3.3310273925621146,37.67238492185782,-117.44017894956806,2.94207074779578,single family,1970
6.18247524394908,5.155482901797999,8.87147703425804,0.1369933345033497,560.2204888456534,1.3836223197718134,33.329168934371765,-124.16507456612344,4.266848163705512,Townhouse,1975
14.054744075865608,1.0667181757799402,9.503485894912348,0.2619140614255579,924.8785359220338,1.149380967297573,37.32673819941709,-118.07845702694507,5.0,Condo,1973
7.659809183619519,37.04862521169185,6.48091905393075,2.2676490110386123,1227.0805305485485,0.0247137187289519,36.06540232574669,-123.07547822416224,4.204079078344326,Single Family,1984
6.629978136060138,16.585112476093144,2.926885212215838,1.0554568388614172,1678.1483393083035,2.422164178719637,37.99335785768477,-119.36169965445754,2.896906604482952,CONDO,1973
4.771672249817685,12.152803869766776,10.037260544288928,0.7960148507961236,544.340289293714,0.3580741261946674,36.76782593401086,-120.29510783866534,3.337451502622713,Single Family,1997
7.575914810127324,23.475849435650805,5.9850384116551965,0.2127898623202785,634.6128176231895,0.5189231043663902,40.70459635079041,-116.22976708980369,4.396617085022211,CONDO,1977
3.913586458725261,1.812048342207019,4.360554518281293,1.3009820858891736,1898.3283306504904,2.1451443729845607,35.212805625127665,-118.70919378134856,2.4443507942112905,single family,1973
3.330323447736652,10.214983587613313,42.2274061171869,0.8229233896034075,942.3077250375256,0.1304258036955023,36.38952535705781,-118.9133616757469,5.0,townhouse,1983
9.33625213723063,28.81420128649401,26.660999020223993,0.4711880481665474,1403.9535331657244,3.9915681903745366,33.311359935303855,-116.91164368323837,5.0,Condo,2010
12.71109539250636,45.372446996749666,12.582470195437915,1.9891579574096323,1496.748859709135,6.404487501600594,38.445750635090434,-117.3553091159852,-999,Townhouse,1967
4.122926218670866,51.07738293956283,47.33461435232427,0.4213318070187398,1122.2926886231517,1.0475585828668006,37.07001929557819,-116.12933939674932,5.0,single family,2004
2.9297556947556895,37.40640441904827,1.889949983813502,0.5119324016788076,645.9152139185304,6.438445974150252,37.022213823988615,-117.30611783300472,1.9715262548827637,townhouse,1984
5.788050684408078,41.6733693002754,3.587925265757681,0.1117385876193867,1139.2834390684598,5.950656833235473,33.95632654450236,-120.43451393329212,3.702929548923617,Single Family,1993
2.7052032086685163,28.169411998427712,5.243044680667803,0.2078857583110908,2510.9401356703584,1.380700840947065,37.71384046831436,-116.898208783736,2.139529332207778,Single Family,2004
7.960366551640569,10.51604194303046,6.352443900616664,3.0499905336723065,785.3195653821942,1.1341053934230514,36.55583434010499,-118.20411287362656,3.9917212003014906,single family,2003
3.18900070016516,45.76420227186919,4.496469610118023,0.7564030461570842,1487.0551590439093,5.573238133787105,37.41453277053647,-123.7642615034143,2.115842515078125,CONDO,1987
10.371489947497718,25.899940435262817,6.183320548780714,1.2698691215906983,1246.4389293606905,0.360237566546864,38.99753566006983,-120.088778288782,5.0,single family,1983
4.8638383532043585,43.433155924053274,2.2174706020320736,1.299925625693755,517.9903895093636,0.1968478735075316,33.46099166864204,-116.81101555345182,3.586503069546708,Townhouse,1977
7.174867270605719,13.2693441099343,5.078717268556955,0.4286017992531838,1381.631787294228,1.4415011357686216,41.05657121363571,-115.22572526480508,4.632060061805339,CONDO,2016
4.4554674918051616,42.2684700499601,5.7035924267102995,0.0647343438683556,992.6732284888436,6.298352991956053,38.038642055102315,-118.07747838523863,3.506293700906119,Condo,1993
10.32480264501413,44.31061343127168,6.280815145652686,0.1500559952006749,2119.847423427628,2.8656321176795574,35.84919711378467,-119.54936875014356,N/A,CONDO,-1
17.778322343887247,47.310850295352616,3.3019547853839857,0.6757823110526203,2132.0995419292644,0.015746168102912,34.71786032204362,-120.78949521720764,5.0,Single Family,1962
7.332132124279917,51.85790183492139,2.972781253119355,0.8798720957162979,1304.0721801017005,1.3996516246362525,40.7539678109496,-122.0522012340305,4.619069933154653,Single Family,-1
14.217001390759563,12.068942237060003,2.9269753076855287,1.171926159669746,2055.9110624631016,1.794467444699279,37.0169829514215,-119.24366387957602,5.0,CONDO,1995
12.715834674027397,46.08886416610597,3.417527300618403,1.2173582904151967,703.8877095474473,3.9623052599738138,36.382761280880345,-123.07254467262024,5.0,townhouse,1964
3.1200199181950983,47.432870453514354,1.3690644378196877,0.3635822763320783,370.0199004562338,2.2162750644536,36.80289266558507,-115.47594528789712,2.1381680867206527,Single Family,1978
17.982273007997104,11.243863727088057,2.7665815787441934,1.0010507671303566,433.2075114741566,0.5239085598421654,40.277050385460925,-114.47772954096143,5.0,townhouse,1971
6.905807257082578,46.221031551588126,4.361936199286275,1.021135874538468,1219.0742223174575,1.8206814573567645,37.23234130739307,-116.3500343723123,3.2666641931587233,Condo,-1
7.361954816306143,11.30742446412136,3.4653220288361366,0.1534144019012844,1327.959483682728,6.066735110728539,35.81568800878121,-115.20133215496804,3.895345072799055,single family,1976
13.46111445613848,34.05621185342087,3.9899010835982702,1.842719824487948,920.2561861362668,0.6557575533112263,39.76836800487385,-114.88839795489037,5.0,townhouse,1995
5.121508653635002,39.53442626583925,1.0659666442471574,2.0201128601156624,1333.9917513069047,1.781611067022467,34.09782341252286,-123.53302718993368,3.5120046870597976,townhouse,1999
12.124044493288878,13.469050970845371,4.659090188226881,0.5163076219076003,786.6182182827275,4.33656371613563,38.27542198759825,-118.54042158092642,5.0,Condo,2014
10.711206131333084,46.2108719492396,3.6270500135140273,0.2398456020982263,751.8467860208877,0.9343119959716688,36.67270844074676,-115.40193369093012,5.0,Condo,1975
2.8518111541824545,7.378203805783744,1.2953751185433673,0.3849453086043548,2054.022625606915,1.8172933902890345,37.81476226215076,-120.99967838083948,1.4376514141340389,Condo,1965
3.5113541293857065,41.05080196528091,10.111443949581467,0.9131464916372488,935.8378539459226,2.328447324658531,40.88022593324932,-118.4201728996286,3.2218060024369324,single family,2005
17.118920119576497,48.93691534321086,5.68811041581864,1.6144658929470748,600.1186169958377,0.1821355377413953,38.84062701080113,-114.72033672143463,-999,CONDO,1972
10.894651979164529,31.55067549387964,1.954140728550207,0.5576341767097813,1139.2869303291584,0.3784829738086989,40.64646912766042,-117.64525231987938,5.0,single family,1980
7.575914810127324,23.475849435650805,5.9850384116551965,0.2127898623202785,634.6128176231895,0.5189231043663902,40.70459635079041,-116.22976708980369,4.396617085022211,CONDO,1977
8.774519585804411,24.63546247094559,2.9255544968861416,3.379286915230052,1795.808155705294,6.867693955815262,39.01327361928118,-119.10006356653052,4.534199519457763,CONDO,1998
0.8378949733304882,13.939265724980018,3.9496927350126905,0.5422816258716813,365.86271391707754,2.0063797570112474,32.51286331701318,-116.37144298911907,0.88377048331529,SF,1983
7.634544956266025,11.039195272078432,3.4347654123949627,0.7776101983234852,14105.864803131091,0.5038685333685552,33.648661758884394,-120.09000117325051,-999,Townhouse,1961
10.522759893157978,42.03028760475498,2.076210622802363,1.036823463919334,830.3896509667535,4.5506270225079195,32.7832048265381,-123.28908225219288,5.0,Condo,2016
2.629247030056689,36.01532398147076,3.96161285803028,0.8750949223859931,930.7202976831948,2.704628808253097,40.516926672747154,-116.73053320532485,1.5538199700454438,townhouse,2013
4.051601311035291,20.747849532903736,6.546723462770399,0.0993179510901704,828.355555114999,3.2089882065941953,33.74626201066584,-122.23500296044988,2.86051696867486,Condo,2012
9.31496699232742,4.554133071158162,2.156050404011572,1.0625650527674375,553.4046674831743,2.7989649309481166,33.304003803348316,-118.08609015499871,5.0,Condo,1966
10.893611643847636,46.2720409907601,6.235397352192789,0.0858372233052189,2121.3628204453676,3.106668388578699,33.348708785323765,-120.83844116810432,5.0,single family,2001
9.801818375908654,2.3761525662332375,2.0312534104691,2.589078506756689,1400.5204017241106,1.6142215506526774,40.36209506661272,-121.78680110020731,5.0,single family,2013
1.3181079010071777,51.45296046045965,8.213499201102561,1.143571763104872,1833.8835721711744,0.1187012436794586,39.33720304519387,-123.49237164747666,1.7177099920339034,single family,2017
10.63210372203416,31.36533608816338,5.369149064672839,2.578278083146625,561.3696833027934,2.833620920326785,39.76114884758056,-114.91060111526204,5.0,CONDO,2023
